<annotation>
	<folder>video.cikti</folder>
	<filename>foto05308.png</filename>
	<path>C:\Users\John Doe.DESKTOP-QVG68SG\Desktop\video.cikti\foto05308.png</path>
	<source>
		<database>Unknown</database>
	</source>
	<size>
		<width>1280</width>
		<height>720</height>
		<depth>3</depth>
	</size>
	<segmented>0</segmented>
	<object>
		<name>drone</name>
		<pose>Unspecified</pose>
		<truncated>1</truncated>
		<difficult>0</difficult>
		<bndbox>
			<xmin>247</xmin>
			<ymin>1</ymin>
			<xmax>1027</xmax>
			<ymax>306</ymax>
		</bndbox>
	</object>
</annotation>
