<annotation>
	<folder>video.cikti</folder>
	<filename>foto05047.png</filename>
	<path>C:\Users\John Doe.DESKTOP-QVG68SG\Desktop\video.cikti\foto05047.png</path>
	<source>
		<database>Unknown</database>
	</source>
	<size>
		<width>1280</width>
		<height>720</height>
		<depth>3</depth>
	</size>
	<segmented>0</segmented>
	<object>
		<name>drone</name>
		<pose>Unspecified</pose>
		<truncated>0</truncated>
		<difficult>0</difficult>
		<bndbox>
			<xmin>400</xmin>
			<ymin>31</ymin>
			<xmax>949</xmax>
			<ymax>321</ymax>
		</bndbox>
	</object>
</annotation>
