<annotation>
	<folder>video.cikti.2</folder>
	<filename>moto03481.png</filename>
	<path>C:\Users\John Doe.DESKTOP-QVG68SG\Desktop\video.cikti.2\moto03481.png</path>
	<source>
		<database>Unknown</database>
	</source>
	<size>
		<width>1280</width>
		<height>720</height>
		<depth>3</depth>
	</size>
	<segmented>0</segmented>
	<object>
		<name>drone</name>
		<pose>Unspecified</pose>
		<truncated>0</truncated>
		<difficult>0</difficult>
		<bndbox>
			<xmin>652</xmin>
			<ymin>28</ymin>
			<xmax>986</xmax>
			<ymax>271</ymax>
		</bndbox>
	</object>
</annotation>
