<annotation>
	<folder>video.cikti.2</folder>
	<filename>moto07657.png</filename>
	<path>C:\Users\John Doe.DESKTOP-QVG68SG\Desktop\video.cikti.2\moto07657.png</path>
	<source>
		<database>Unknown</database>
	</source>
	<size>
		<width>1280</width>
		<height>720</height>
		<depth>3</depth>
	</size>
	<segmented>0</segmented>
	<object>
		<name>drone</name>
		<pose>Unspecified</pose>
		<truncated>0</truncated>
		<difficult>0</difficult>
		<bndbox>
			<xmin>680</xmin>
			<ymin>35</ymin>
			<xmax>1037</xmax>
			<ymax>249</ymax>
		</bndbox>
	</object>
</annotation>
