<annotation>
	<folder>video.cikti.2</folder>
	<filename>moto11746.png</filename>
	<path>C:\Users\John Doe.DESKTOP-QVG68SG\Desktop\video.cikti.2\moto11746.png</path>
	<source>
		<database>Unknown</database>
	</source>
	<size>
		<width>1280</width>
		<height>720</height>
		<depth>3</depth>
	</size>
	<segmented>0</segmented>
	<object>
		<name>drone</name>
		<pose>Unspecified</pose>
		<truncated>1</truncated>
		<difficult>0</difficult>
		<bndbox>
			<xmin>562</xmin>
			<ymin>197</ymin>
			<xmax>1133</xmax>
			<ymax>720</ymax>
		</bndbox>
	</object>
</annotation>
