<annotation>
	<folder>video.cikti.2</folder>
	<filename>moto15690.png</filename>
	<path>C:\Users\John Doe.DESKTOP-QVG68SG\Desktop\video.cikti.2\moto15690.png</path>
	<source>
		<database>Unknown</database>
	</source>
	<size>
		<width>1280</width>
		<height>720</height>
		<depth>3</depth>
	</size>
	<segmented>0</segmented>
	<object>
		<name>drone</name>
		<pose>Unspecified</pose>
		<truncated>0</truncated>
		<difficult>0</difficult>
		<bndbox>
			<xmin>791</xmin>
			<ymin>413</ymin>
			<xmax>1052</xmax>
			<ymax>550</ymax>
		</bndbox>
	</object>
</annotation>
