<annotation>
	<folder>drone _ Google_da Ara</folder>
	<filename>pic_161.jpeg</filename>
	<path>C:\Users\mehdi\Downloads\ss\drone _ Google_da Ara\pic_161.jpeg</path>
	<source>
		<database>Unknown</database>
	</source>
	<size>
		<width>832</width>
		<height>309</height>
		<depth>3</depth>
	</size>
	<segmented>0</segmented>
	<object>
		<name>drone</name>
		<pose>Unspecified</pose>
		<truncated>1</truncated>
		<difficult>0</difficult>
		<bndbox>
			<xmin>19</xmin>
			<ymin>8</ymin>
			<xmax>832</xmax>
			<ymax>303</ymax>
		</bndbox>
	</object>
</annotation>
