<annotation>
	<folder>custom drone _ Google_da Ara</folder>
	<filename>pic_1054.png</filename>
	<path>C:\Users\John Doe.DESKTOP-QVG68SG\Desktop\ssg\custom drone _ Google_da Ara\pic_1054.png</path>
	<source>
		<database>Unknown</database>
	</source>
	<size>
		<width>325</width>
		<height>260</height>
		<depth>3</depth>
	</size>
	<segmented>0</segmented>
	<object>
		<name>drone</name>
		<pose>Unspecified</pose>
		<truncated>0</truncated>
		<difficult>0</difficult>
		<bndbox>
			<xmin>88</xmin>
			<ymin>109</ymin>
			<xmax>237</xmax>
			<ymax>170</ymax>
		</bndbox>
	</object>
</annotation>
