<annotation>
	<folder>drone _ Google_da Ara</folder>
	<filename>pic_069.jpeg</filename>
	<path>C:\Users\mehdi\Downloads\ss\drone _ Google_da Ara\pic_069.jpeg</path>
	<source>
		<database>Unknown</database>
	</source>
	<size>
		<width>1000</width>
		<height>1000</height>
		<depth>3</depth>
	</size>
	<segmented>0</segmented>
	<object>
		<name>drone</name>
		<pose>Unspecified</pose>
		<truncated>0</truncated>
		<difficult>0</difficult>
		<bndbox>
			<xmin>19</xmin>
			<ymin>76</ymin>
			<xmax>988</xmax>
			<ymax>922</ymax>
		</bndbox>
	</object>
</annotation>
