<annotation>
	<folder>drone _ Google_da Ara</folder>
	<filename>pic_107.jpg</filename>
	<path>C:\Users\mehdi\Downloads\ss\drone _ Google_da Ara\pic_107.jpg</path>
	<source>
		<database>Unknown</database>
	</source>
	<size>
		<width>5472</width>
		<height>3648</height>
		<depth>3</depth>
	</size>
	<segmented>0</segmented>
	<object>
		<name>drone</name>
		<pose>Unspecified</pose>
		<truncated>0</truncated>
		<difficult>0</difficult>
		<bndbox>
			<xmin>690</xmin>
			<ymin>823</ymin>
			<xmax>4372</xmax>
			<ymax>2489</ymax>
		</bndbox>
	</object>
</annotation>
