<annotation>
	<folder>drone _ Google_da Ara</folder>
	<filename>pic_215.png</filename>
	<path>C:\Users\mehdi\Downloads\ss\drone _ Google_da Ara\pic_215.png</path>
	<source>
		<database>Unknown</database>
	</source>
	<size>
		<width>1400</width>
		<height>632</height>
		<depth>3</depth>
	</size>
	<segmented>0</segmented>
	<object>
		<name>drone</name>
		<pose>Unspecified</pose>
		<truncated>0</truncated>
		<difficult>0</difficult>
		<bndbox>
			<xmin>10</xmin>
			<ymin>68</ymin>
			<xmax>1355</xmax>
			<ymax>446</ymax>
		</bndbox>
	</object>
</annotation>
