<annotation>
	<folder>custom drone _ Google_da Ara</folder>
	<filename>pic_1107.png</filename>
	<path>C:\Users\John Doe.DESKTOP-QVG68SG\Desktop\ssg\custom drone _ Google_da Ara\pic_1107.png</path>
	<source>
		<database>Unknown</database>
	</source>
	<size>
		<width>369</width>
		<height>323</height>
		<depth>3</depth>
	</size>
	<segmented>0</segmented>
	<object>
		<name>drone</name>
		<pose>Unspecified</pose>
		<truncated>1</truncated>
		<difficult>0</difficult>
		<bndbox>
			<xmin>15</xmin>
			<ymin>29</ymin>
			<xmax>369</xmax>
			<ymax>151</ymax>
		</bndbox>
	</object>
</annotation>
