<annotation>
	<folder>custom drone _ Google_da Ara</folder>
	<filename>pic_1043.jpg</filename>
	<path>C:\Users\John Doe.DESKTOP-QVG68SG\Desktop\ssg\custom drone _ Google_da Ara\pic_1043.jpg</path>
	<source>
		<database>Unknown</database>
	</source>
	<size>
		<width>1500</width>
		<height>1125</height>
		<depth>3</depth>
	</size>
	<segmented>0</segmented>
	<object>
		<name>drone</name>
		<pose>Unspecified</pose>
		<truncated>0</truncated>
		<difficult>0</difficult>
		<bndbox>
			<xmin>314</xmin>
			<ymin>429</ymin>
			<xmax>1187</xmax>
			<ymax>722</ymax>
		</bndbox>
	</object>
</annotation>
