<annotation>
	<folder>custom drone _ Google_da Ara</folder>
	<filename>pic_1025.jpg</filename>
	<path>C:\Users\John Doe.DESKTOP-QVG68SG\Desktop\ssg\custom drone _ Google_da Ara\pic_1025.jpg</path>
	<source>
		<database>Unknown</database>
	</source>
	<size>
		<width>1030</width>
		<height>438</height>
		<depth>3</depth>
	</size>
	<segmented>0</segmented>
	<object>
		<name>drone</name>
		<pose>Unspecified</pose>
		<truncated>1</truncated>
		<difficult>0</difficult>
		<bndbox>
			<xmin>169</xmin>
			<ymin>151</ymin>
			<xmax>862</xmax>
			<ymax>438</ymax>
		</bndbox>
	</object>
</annotation>
