<annotation>
	<folder>drone _ Google_da Ara</folder>
	<filename>pic_214.jpeg</filename>
	<path>C:\Users\mehdi\Downloads\ss\drone _ Google_da Ara\pic_214.jpeg</path>
	<source>
		<database>Unknown</database>
	</source>
	<size>
		<width>1300</width>
		<height>1430</height>
		<depth>3</depth>
	</size>
	<segmented>0</segmented>
	<object>
		<name>drone</name>
		<pose>Unspecified</pose>
		<truncated>1</truncated>
		<difficult>0</difficult>
		<bndbox>
			<xmin>8</xmin>
			<ymin>379</ymin>
			<xmax>1300</xmax>
			<ymax>1222</ymax>
		</bndbox>
	</object>
</annotation>
