<annotation>
	<folder>drone _ Google_da Ara</folder>
	<filename>pic_086.jpeg</filename>
	<path>C:\Users\mehdi\Downloads\ss\drone _ Google_da Ara\pic_086.jpeg</path>
	<source>
		<database>Unknown</database>
	</source>
	<size>
		<width>1171</width>
		<height>1171</height>
		<depth>3</depth>
	</size>
	<segmented>0</segmented>
	<object>
		<name>drone</name>
		<pose>Unspecified</pose>
		<truncated>1</truncated>
		<difficult>0</difficult>
		<bndbox>
			<xmin>17</xmin>
			<ymin>268</ymin>
			<xmax>1171</xmax>
			<ymax>770</ymax>
		</bndbox>
	</object>
</annotation>
