<annotation>
	<folder>drone _ Google_da Ara</folder>
	<filename>pic_147.png</filename>
	<path>C:\Users\mehdi\Downloads\ss\drone _ Google_da Ara\pic_147.png</path>
	<source>
		<database>Unknown</database>
	</source>
	<size>
		<width>636</width>
		<height>544</height>
		<depth>3</depth>
	</size>
	<segmented>0</segmented>
	<object>
		<name>drone</name>
		<pose>Unspecified</pose>
		<truncated>0</truncated>
		<difficult>0</difficult>
		<bndbox>
			<xmin>54</xmin>
			<ymin>163</ymin>
			<xmax>612</xmax>
			<ymax>386</ymax>
		</bndbox>
	</object>
</annotation>
