<annotation>
	<folder>drone _ Google_da Ara</folder>
	<filename>pic_118.jpg</filename>
	<path>C:\Users\mehdi\Downloads\ss\drone _ Google_da Ara\pic_118.jpg</path>
	<source>
		<database>Unknown</database>
	</source>
	<size>
		<width>652</width>
		<height>400</height>
		<depth>3</depth>
	</size>
	<segmented>0</segmented>
	<object>
		<name>drone</name>
		<pose>Unspecified</pose>
		<truncated>0</truncated>
		<difficult>0</difficult>
		<bndbox>
			<xmin>57</xmin>
			<ymin>77</ymin>
			<xmax>634</xmax>
			<ymax>301</ymax>
		</bndbox>
	</object>
</annotation>
