<annotation>
	<folder>drone _ Google_da Ara</folder>
	<filename>pic_035.jpg</filename>
	<path>C:\Users\mehdi\Downloads\ss\drone _ Google_da Ara\pic_035.jpg</path>
	<source>
		<database>Unknown</database>
	</source>
	<size>
		<width>1717</width>
		<height>1289</height>
		<depth>3</depth>
	</size>
	<segmented>0</segmented>
	<object>
		<name>drone</name>
		<pose>Unspecified</pose>
		<truncated>1</truncated>
		<difficult>0</difficult>
		<bndbox>
			<xmin>6</xmin>
			<ymin>34</ymin>
			<xmax>1712</xmax>
			<ymax>1289</ymax>
		</bndbox>
	</object>
</annotation>
