<annotation>
	<folder>drone _ Google_da Ara</folder>
	<filename>pic_129.jpg</filename>
	<path>C:\Users\mehdi\Downloads\ss\drone _ Google_da Ara\pic_129.jpg</path>
	<source>
		<database>Unknown</database>
	</source>
	<size>
		<width>600</width>
		<height>600</height>
		<depth>3</depth>
	</size>
	<segmented>0</segmented>
	<object>
		<name>drone</name>
		<pose>Unspecified</pose>
		<truncated>0</truncated>
		<difficult>0</difficult>
		<bndbox>
			<xmin>48</xmin>
			<ymin>145</ymin>
			<xmax>550</xmax>
			<ymax>448</ymax>
		</bndbox>
	</object>
</annotation>
