<annotation>
	<folder>drone _ Google_da Ara</folder>
	<filename>pic_070.jpeg</filename>
	<path>C:\Users\mehdi\Downloads\ss\drone _ Google_da Ara\pic_070.jpeg</path>
	<source>
		<database>Unknown</database>
	</source>
	<size>
		<width>2000</width>
		<height>2000</height>
		<depth>3</depth>
	</size>
	<segmented>0</segmented>
	<object>
		<name>drone</name>
		<pose>Unspecified</pose>
		<truncated>0</truncated>
		<difficult>0</difficult>
		<bndbox>
			<xmin>88</xmin>
			<ymin>352</ymin>
			<xmax>1990</xmax>
			<ymax>1098</ymax>
		</bndbox>
	</object>
</annotation>
