<annotation>
	<folder>drone _ Google_da Ara</folder>
	<filename>pic_204.jpeg</filename>
	<path>C:\Users\mehdi\Downloads\ss\drone _ Google_da Ara\pic_204.jpeg</path>
	<source>
		<database>Unknown</database>
	</source>
	<size>
		<width>778</width>
		<height>518</height>
		<depth>3</depth>
	</size>
	<segmented>0</segmented>
	<object>
		<name>drone</name>
		<pose>Unspecified</pose>
		<truncated>0</truncated>
		<difficult>0</difficult>
		<bndbox>
			<xmin>68</xmin>
			<ymin>76</ymin>
			<xmax>721</xmax>
			<ymax>295</ymax>
		</bndbox>
	</object>
</annotation>
