<annotation>
	<folder>drone _ Google_da Ara</folder>
	<filename>pic_138.jpeg</filename>
	<path>C:\Users\mehdi\Downloads\ss\drone _ Google_da Ara\pic_138.jpeg</path>
	<source>
		<database>Unknown</database>
	</source>
	<size>
		<width>328</width>
		<height>251</height>
		<depth>3</depth>
	</size>
	<segmented>0</segmented>
	<object>
		<name>drone</name>
		<pose>Unspecified</pose>
		<truncated>0</truncated>
		<difficult>0</difficult>
		<bndbox>
			<xmin>16</xmin>
			<ymin>104</ymin>
			<xmax>321</xmax>
			<ymax>213</ymax>
		</bndbox>
	</object>
</annotation>
