<annotation>
	<folder>drone _ Google_da Ara</folder>
	<filename>pic_179.jpeg</filename>
	<path>C:\Users\mehdi\Downloads\ss\drone _ Google_da Ara\pic_179.jpeg</path>
	<source>
		<database>Unknown</database>
	</source>
	<size>
		<width>360</width>
		<height>360</height>
		<depth>3</depth>
	</size>
	<segmented>0</segmented>
	<object>
		<name>drone</name>
		<pose>Unspecified</pose>
		<truncated>1</truncated>
		<difficult>0</difficult>
		<bndbox>
			<xmin>6</xmin>
			<ymin>107</ymin>
			<xmax>360</xmax>
			<ymax>259</ymax>
		</bndbox>
	</object>
</annotation>
