<annotation>
	<folder>drone _ Google_da Ara</folder>
	<filename>pic_003.jpg</filename>
	<path>C:\Users\mehdi\Downloads\ss\drone _ Google_da Ara\pic_003.jpg</path>
	<source>
		<database>Unknown</database>
	</source>
	<size>
		<width>2400</width>
		<height>1801</height>
		<depth>3</depth>
	</size>
	<segmented>0</segmented>
	<object>
		<name>drone</name>
		<pose>Unspecified</pose>
		<truncated>0</truncated>
		<difficult>0</difficult>
		<bndbox>
			<xmin>267</xmin>
			<ymin>405</ymin>
			<xmax>2230</xmax>
			<ymax>1413</ymax>
		</bndbox>
	</object>
</annotation>
