<annotation>
	<folder>drone _ Google_da Ara</folder>
	<filename>pic_189.jpg</filename>
	<path>C:\Users\mehdi\Downloads\ss\drone _ Google_da Ara\pic_189.jpg</path>
	<source>
		<database>Unknown</database>
	</source>
	<size>
		<width>1704</width>
		<height>959</height>
		<depth>3</depth>
	</size>
	<segmented>0</segmented>
	<object>
		<name>drone</name>
		<pose>Unspecified</pose>
		<truncated>0</truncated>
		<difficult>0</difficult>
		<bndbox>
			<xmin>205</xmin>
			<ymin>526</ymin>
			<xmax>1607</xmax>
			<ymax>772</ymax>
		</bndbox>
	</object>
</annotation>
