<annotation>
	<folder>drone _ Google_da Ara</folder>
	<filename>pic_176.JPG</filename>
	<path>C:\Users\mehdi\Downloads\ss\drone _ Google_da Ara\pic_176.JPG</path>
	<source>
		<database>Unknown</database>
	</source>
	<size>
		<width>750</width>
		<height>500</height>
		<depth>3</depth>
	</size>
	<segmented>0</segmented>
	<object>
		<name>drone</name>
		<pose>Unspecified</pose>
		<truncated>0</truncated>
		<difficult>0</difficult>
		<bndbox>
			<xmin>64</xmin>
			<ymin>20</ymin>
			<xmax>721</xmax>
			<ymax>458</ymax>
		</bndbox>
	</object>
</annotation>
