<annotation>
	<folder>drone _ Google_da Ara</folder>
	<filename>pic_075.PNG</filename>
	<path>C:\Users\mehdi\Downloads\ss\drone _ Google_da Ara\pic_075.PNG</path>
	<source>
		<database>Unknown</database>
	</source>
	<size>
		<width>615</width>
		<height>517</height>
		<depth>3</depth>
	</size>
	<segmented>0</segmented>
	<object>
		<name>drone</name>
		<pose>Unspecified</pose>
		<truncated>0</truncated>
		<difficult>0</difficult>
		<bndbox>
			<xmin>17</xmin>
			<ymin>78</ymin>
			<xmax>601</xmax>
			<ymax>351</ymax>
		</bndbox>
	</object>
</annotation>
