<annotation>
	<folder>drone _ Google_da Ara</folder>
	<filename>pic_213.jpg</filename>
	<path>C:\Users\mehdi\Downloads\ss\drone _ Google_da Ara\pic_213.jpg</path>
	<source>
		<database>Unknown</database>
	</source>
	<size>
		<width>1388</width>
		<height>1052</height>
		<depth>3</depth>
	</size>
	<segmented>0</segmented>
	<object>
		<name>drone</name>
		<pose>Unspecified</pose>
		<truncated>0</truncated>
		<difficult>0</difficult>
		<bndbox>
			<xmin>64</xmin>
			<ymin>223</ymin>
			<xmax>1356</xmax>
			<ymax>709</ymax>
		</bndbox>
	</object>
</annotation>
