<annotation>
	<folder>custom drone _ Google_da Ara</folder>
	<filename>pic_1020.jpg</filename>
	<path>C:\Users\John Doe.DESKTOP-QVG68SG\Desktop\ssg\custom drone _ Google_da Ara\pic_1020.jpg</path>
	<source>
		<database>Unknown</database>
	</source>
	<size>
		<width>350</width>
		<height>233</height>
		<depth>3</depth>
	</size>
	<segmented>0</segmented>
	<object>
		<name>drone</name>
		<pose>Unspecified</pose>
		<truncated>0</truncated>
		<difficult>0</difficult>
		<bndbox>
			<xmin>25</xmin>
			<ymin>28</ymin>
			<xmax>209</xmax>
			<ymax>120</ymax>
		</bndbox>
	</object>
</annotation>
