<annotation>
	<folder>drone _ Google_da Ara</folder>
	<filename>pic_174.png</filename>
	<path>C:\Users\mehdi\Downloads\ss\drone _ Google_da Ara\pic_174.png</path>
	<source>
		<database>Unknown</database>
	</source>
	<size>
		<width>1500</width>
		<height>709</height>
		<depth>3</depth>
	</size>
	<segmented>0</segmented>
	<object>
		<name>drone</name>
		<pose>Unspecified</pose>
		<truncated>0</truncated>
		<difficult>0</difficult>
		<bndbox>
			<xmin>55</xmin>
			<ymin>26</ymin>
			<xmax>1458</xmax>
			<ymax>578</ymax>
		</bndbox>
	</object>
</annotation>
