<annotation>
	<folder>drone _ Google_da Ara</folder>
	<filename>pic_146.jpg</filename>
	<path>C:\Users\mehdi\Downloads\ss\drone _ Google_da Ara\pic_146.jpg</path>
	<source>
		<database>Unknown</database>
	</source>
	<size>
		<width>1280</width>
		<height>854</height>
		<depth>3</depth>
	</size>
	<segmented>0</segmented>
	<object>
		<name>drone</name>
		<pose>Unspecified</pose>
		<truncated>0</truncated>
		<difficult>0</difficult>
		<bndbox>
			<xmin>67</xmin>
			<ymin>394</ymin>
			<xmax>1235</xmax>
			<ymax>722</ymax>
		</bndbox>
	</object>
</annotation>
