<annotation>
	<folder>drone _ Google_da Ara</folder>
	<filename>pic_192.png</filename>
	<path>C:\Users\mehdi\Downloads\ss\drone _ Google_da Ara\pic_192.png</path>
	<source>
		<database>Unknown</database>
	</source>
	<size>
		<width>950</width>
		<height>534</height>
		<depth>3</depth>
	</size>
	<segmented>0</segmented>
	<object>
		<name>drone</name>
		<pose>Unspecified</pose>
		<truncated>0</truncated>
		<difficult>0</difficult>
		<bndbox>
			<xmin>253</xmin>
			<ymin>36</ymin>
			<xmax>803</xmax>
			<ymax>274</ymax>
		</bndbox>
	</object>
</annotation>
