<annotation>
	<folder>custom drone _ Google_da Ara</folder>
	<filename>pic_1168.jpg</filename>
	<path>C:\Users\John Doe.DESKTOP-QVG68SG\Desktop\ssg\custom drone _ Google_da Ara\pic_1168.jpg</path>
	<source>
		<database>Unknown</database>
	</source>
	<size>
		<width>835</width>
		<height>551</height>
		<depth>3</depth>
	</size>
	<segmented>0</segmented>
	<object>
		<name>drone</name>
		<pose>Unspecified</pose>
		<truncated>0</truncated>
		<difficult>0</difficult>
		<bndbox>
			<xmin>62</xmin>
			<ymin>194</ymin>
			<xmax>733</xmax>
			<ymax>435</ymax>
		</bndbox>
	</object>
</annotation>
