<annotation>
	<folder>drone _ Google_da Ara</folder>
	<filename>pic_185.jpg</filename>
	<path>C:\Users\mehdi\Downloads\ss\drone _ Google_da Ara\pic_185.jpg</path>
	<source>
		<database>Unknown</database>
	</source>
	<size>
		<width>2520</width>
		<height>2126</height>
		<depth>3</depth>
	</size>
	<segmented>0</segmented>
	<object>
		<name>drone</name>
		<pose>Unspecified</pose>
		<truncated>1</truncated>
		<difficult>0</difficult>
		<bndbox>
			<xmin>19</xmin>
			<ymin>47</ymin>
			<xmax>2520</xmax>
			<ymax>968</ymax>
		</bndbox>
	</object>
</annotation>
