<annotation>
	<folder>drone _ Google_da Ara</folder>
	<filename>pic_001.jpg</filename>
	<path>C:/Users/mehdi/Downloads/ss/drone _ Google_da Ara/pic_001.jpg</path>
	<source>
		<database>Unknown</database>
	</source>
	<size>
		<width>500</width>
		<height>500</height>
		<depth>3</depth>
	</size>
	<segmented>0</segmented>
	<object>
		<name>drone</name>
		<pose>Unspecified</pose>
		<truncated>0</truncated>
		<difficult>0</difficult>
		<bndbox>
			<xmin>5</xmin>
			<ymin>93</ymin>
			<xmax>493</xmax>
			<ymax>405</ymax>
		</bndbox>
	</object>
</annotation>
