<annotation>
	<folder>drone _ Google_da Ara</folder>
	<filename>pic_099.jpeg</filename>
	<path>C:\Users\mehdi\Downloads\ss\drone _ Google_da Ara\pic_099.jpeg</path>
	<source>
		<database>Unknown</database>
	</source>
	<size>
		<width>582</width>
		<height>640</height>
		<depth>3</depth>
	</size>
	<segmented>0</segmented>
	<object>
		<name>drone</name>
		<pose>Unspecified</pose>
		<truncated>0</truncated>
		<difficult>0</difficult>
		<bndbox>
			<xmin>10</xmin>
			<ymin>219</ymin>
			<xmax>577</xmax>
			<ymax>432</ymax>
		</bndbox>
	</object>
</annotation>
