<annotation>
	<folder>drone _ Google_da Ara</folder>
	<filename>pic_067.png</filename>
	<path>C:\Users\mehdi\Downloads\ss\drone _ Google_da Ara\pic_067.png</path>
	<source>
		<database>Unknown</database>
	</source>
	<size>
		<width>800</width>
		<height>800</height>
		<depth>3</depth>
	</size>
	<segmented>0</segmented>
	<object>
		<name>drone</name>
		<pose>Unspecified</pose>
		<truncated>0</truncated>
		<difficult>0</difficult>
		<bndbox>
			<xmin>102</xmin>
			<ymin>208</ymin>
			<xmax>709</xmax>
			<ymax>576</ymax>
		</bndbox>
	</object>
</annotation>
