<annotation>
	<folder>drone _ Google_da Ara</folder>
	<filename>pic_128.jpg</filename>
	<path>C:\Users\mehdi\Downloads\ss\drone _ Google_da Ara\pic_128.jpg</path>
	<source>
		<database>Unknown</database>
	</source>
	<size>
		<width>800</width>
		<height>625</height>
		<depth>3</depth>
	</size>
	<segmented>0</segmented>
	<object>
		<name>drone</name>
		<pose>Unspecified</pose>
		<truncated>0</truncated>
		<difficult>0</difficult>
		<bndbox>
			<xmin>7</xmin>
			<ymin>23</ymin>
			<xmax>790</xmax>
			<ymax>556</ymax>
		</bndbox>
	</object>
</annotation>
