<annotation>
	<folder>drone _ Google_da Ara</folder>
	<filename>pic_135.png</filename>
	<path>C:\Users\mehdi\Downloads\ss\drone _ Google_da Ara\pic_135.png</path>
	<source>
		<database>Unknown</database>
	</source>
	<size>
		<width>512</width>
		<height>512</height>
		<depth>3</depth>
	</size>
	<segmented>0</segmented>
	<object>
		<name>drone</name>
		<pose>Unspecified</pose>
		<truncated>0</truncated>
		<difficult>0</difficult>
		<bndbox>
			<xmin>6</xmin>
			<ymin>140</ymin>
			<xmax>503</xmax>
			<ymax>276</ymax>
		</bndbox>
	</object>
</annotation>
