<annotation>
	<folder>drone _ Google_da Ara</folder>
	<filename>pic_092.jpg</filename>
	<path>C:\Users\mehdi\Downloads\ss\drone _ Google_da Ara\pic_092.jpg</path>
	<source>
		<database>Unknown</database>
	</source>
	<size>
		<width>5324</width>
		<height>3543</height>
		<depth>3</depth>
	</size>
	<segmented>0</segmented>
	<object>
		<name>drone</name>
		<pose>Unspecified</pose>
		<truncated>0</truncated>
		<difficult>0</difficult>
		<bndbox>
			<xmin>943</xmin>
			<ymin>471</ymin>
			<xmax>4080</xmax>
			<ymax>2775</ymax>
		</bndbox>
	</object>
</annotation>
