<annotation>
	<folder>drone _ Google_da Ara</folder>
	<filename>pic_007.jpg</filename>
	<path>C:\Users\mehdi\Downloads\ss\drone _ Google_da Ara\pic_007.jpg</path>
	<source>
		<database>Unknown</database>
	</source>
	<size>
		<width>2500</width>
		<height>2500</height>
		<depth>3</depth>
	</size>
	<segmented>0</segmented>
	<object>
		<name>drone</name>
		<pose>Unspecified</pose>
		<truncated>1</truncated>
		<difficult>0</difficult>
		<bndbox>
			<xmin>75</xmin>
			<ymin>642</ymin>
			<xmax>2500</xmax>
			<ymax>1929</ymax>
		</bndbox>
	</object>
</annotation>
