<annotation>
	<folder>custom drone _ Google_da Ara</folder>
	<filename>pic_1110.png</filename>
	<path>C:\Users\John Doe.DESKTOP-QVG68SG\Desktop\ssg\custom drone _ Google_da Ara\pic_1110.png</path>
	<source>
		<database>Unknown</database>
	</source>
	<size>
		<width>2000</width>
		<height>2000</height>
		<depth>3</depth>
	</size>
	<segmented>0</segmented>
	<object>
		<name>drone</name>
		<pose>Unspecified</pose>
		<truncated>0</truncated>
		<difficult>0</difficult>
		<bndbox>
			<xmin>687</xmin>
			<ymin>714</ymin>
			<xmax>1367</xmax>
			<ymax>1295</ymax>
		</bndbox>
	</object>
</annotation>
