<annotation>
	<folder>drone _ Google_da Ara</folder>
	<filename>pic_006.jpg</filename>
	<path>C:\Users\mehdi\Downloads\ss\drone _ Google_da Ara\pic_006.jpg</path>
	<source>
		<database>Unknown</database>
	</source>
	<size>
		<width>2000</width>
		<height>2000</height>
		<depth>3</depth>
	</size>
	<segmented>0</segmented>
	<object>
		<name>drone</name>
		<pose>Unspecified</pose>
		<truncated>0</truncated>
		<difficult>0</difficult>
		<bndbox>
			<xmin>165</xmin>
			<ymin>360</ymin>
			<xmax>1886</xmax>
			<ymax>1512</ymax>
		</bndbox>
	</object>
</annotation>
