<annotation>
	<folder>custom drone _ Google_da Ara</folder>
	<filename>pic_1036.jpg</filename>
	<path>C:\Users\John Doe.DESKTOP-QVG68SG\Desktop\ssg\custom drone _ Google_da Ara\pic_1036.jpg</path>
	<source>
		<database>Unknown</database>
	</source>
	<size>
		<width>1000</width>
		<height>560</height>
		<depth>1</depth>
	</size>
	<segmented>0</segmented>
	<object>
		<name>drone</name>
		<pose>Unspecified</pose>
		<truncated>0</truncated>
		<difficult>0</difficult>
		<bndbox>
			<xmin>370</xmin>
			<ymin>275</ymin>
			<xmax>593</xmax>
			<ymax>318</ymax>
		</bndbox>
	</object>
</annotation>
