<annotation>
	<folder>drone _ Google_da Ara</folder>
	<filename>pic_155.jpg</filename>
	<path>C:\Users\mehdi\Downloads\ss\drone _ Google_da Ara\pic_155.jpg</path>
	<source>
		<database>Unknown</database>
	</source>
	<size>
		<width>2520</width>
		<height>1316</height>
		<depth>3</depth>
	</size>
	<segmented>0</segmented>
	<object>
		<name>drone</name>
		<pose>Unspecified</pose>
		<truncated>0</truncated>
		<difficult>0</difficult>
		<bndbox>
			<xmin>262</xmin>
			<ymin>56</ymin>
			<xmax>2453</xmax>
			<ymax>1071</ymax>
		</bndbox>
	</object>
</annotation>
