<annotation>
	<folder>drone _ Google_da Ara</folder>
	<filename>pic_125.jpg</filename>
	<path>C:\Users\mehdi\Downloads\ss\drone _ Google_da Ara\pic_125.jpg</path>
	<source>
		<database>Unknown</database>
	</source>
	<size>
		<width>2048</width>
		<height>1370</height>
		<depth>3</depth>
	</size>
	<segmented>0</segmented>
	<object>
		<name>drone</name>
		<pose>Unspecified</pose>
		<truncated>0</truncated>
		<difficult>0</difficult>
		<bndbox>
			<xmin>232</xmin>
			<ymin>444</ymin>
			<xmax>1807</xmax>
			<ymax>822</ymax>
		</bndbox>
	</object>
</annotation>
