<annotation>
	<folder>custom drone _ Google_da Ara</folder>
	<filename>pic_1074.png</filename>
	<path>C:\Users\John Doe.DESKTOP-QVG68SG\Desktop\ssg\custom drone _ Google_da Ara\pic_1074.png</path>
	<source>
		<database>Unknown</database>
	</source>
	<size>
		<width>632</width>
		<height>391</height>
		<depth>3</depth>
	</size>
	<segmented>0</segmented>
	<object>
		<name>drone</name>
		<pose>Unspecified</pose>
		<truncated>1</truncated>
		<difficult>0</difficult>
		<bndbox>
			<xmin>198</xmin>
			<ymin>51</ymin>
			<xmax>632</xmax>
			<ymax>371</ymax>
		</bndbox>
	</object>
</annotation>
