<annotation>
	<folder>drone _ Google_da Ara</folder>
	<filename>pic_066.jpg</filename>
	<path>C:\Users\mehdi\Downloads\ss\drone _ Google_da Ara\pic_066.jpg</path>
	<source>
		<database>Unknown</database>
	</source>
	<size>
		<width>570</width>
		<height>380</height>
		<depth>3</depth>
	</size>
	<segmented>0</segmented>
	<object>
		<name>drone</name>
		<pose>Unspecified</pose>
		<truncated>0</truncated>
		<difficult>0</difficult>
		<bndbox>
			<xmin>44</xmin>
			<ymin>112</ymin>
			<xmax>553</xmax>
			<ymax>275</ymax>
		</bndbox>
	</object>
</annotation>
