<annotation>
	<folder>drone _ Google_da Ara</folder>
	<filename>pic_122.jpeg</filename>
	<path>C:\Users\mehdi\Downloads\ss\drone _ Google_da Ara\pic_122.jpeg</path>
	<source>
		<database>Unknown</database>
	</source>
	<size>
		<width>850</width>
		<height>995</height>
		<depth>3</depth>
	</size>
	<segmented>0</segmented>
	<object>
		<name>drone</name>
		<pose>Unspecified</pose>
		<truncated>0</truncated>
		<difficult>0</difficult>
		<bndbox>
			<xmin>36</xmin>
			<ymin>119</ymin>
			<xmax>823</xmax>
			<ymax>866</ymax>
		</bndbox>
	</object>
</annotation>
