<annotation>
	<folder>custom drone _ Google_da Ara</folder>
	<filename>pic_1152.png</filename>
	<path>C:\Users\John Doe.DESKTOP-QVG68SG\Desktop\ssg\custom drone _ Google_da Ara\pic_1152.png</path>
	<source>
		<database>Unknown</database>
	</source>
	<size>
		<width>1340</width>
		<height>500</height>
		<depth>3</depth>
	</size>
	<segmented>0</segmented>
	<object>
		<name>drone</name>
		<pose>Unspecified</pose>
		<truncated>0</truncated>
		<difficult>0</difficult>
		<bndbox>
			<xmin>419</xmin>
			<ymin>21</ymin>
			<xmax>958</xmax>
			<ymax>251</ymax>
		</bndbox>
	</object>
	<object>
		<name>drone</name>
		<pose>Unspecified</pose>
		<truncated>0</truncated>
		<difficult>0</difficult>
		<bndbox>
			<xmin>974</xmin>
			<ymin>48</ymin>
			<xmax>1292</xmax>
			<ymax>175</ymax>
		</bndbox>
	</object>
	<object>
		<name>drone</name>
		<pose>Unspecified</pose>
		<truncated>0</truncated>
		<difficult>0</difficult>
		<bndbox>
			<xmin>757</xmin>
			<ymin>184</ymin>
			<xmax>1207</xmax>
			<ymax>388</ymax>
		</bndbox>
	</object>
</annotation>
