<annotation>
	<folder>drone _ Google_da Ara</folder>
	<filename>pic_220.png</filename>
	<path>C:\Users\mehdi\Downloads\ss\drone _ Google_da Ara\pic_220.png</path>
	<source>
		<database>Unknown</database>
	</source>
	<size>
		<width>1031</width>
		<height>677</height>
		<depth>3</depth>
	</size>
	<segmented>0</segmented>
	<object>
		<name>drone</name>
		<pose>Unspecified</pose>
		<truncated>0</truncated>
		<difficult>0</difficult>
		<bndbox>
			<xmin>33</xmin>
			<ymin>90</ymin>
			<xmax>1022</xmax>
			<ymax>424</ymax>
		</bndbox>
	</object>
</annotation>
