<annotation>
	<folder>drone _ Google_da Ara</folder>
	<filename>pic_126.jpeg</filename>
	<path>C:\Users\mehdi\Downloads\ss\drone _ Google_da Ara\pic_126.jpeg</path>
	<source>
		<database>Unknown</database>
	</source>
	<size>
		<width>616</width>
		<height>347</height>
		<depth>3</depth>
	</size>
	<segmented>0</segmented>
	<object>
		<name>drone</name>
		<pose>Unspecified</pose>
		<truncated>0</truncated>
		<difficult>0</difficult>
		<bndbox>
			<xmin>122</xmin>
			<ymin>174</ymin>
			<xmax>299</xmax>
			<ymax>257</ymax>
		</bndbox>
	</object>
</annotation>
