<annotation>
	<folder>drone _ Google_da Ara</folder>
	<filename>pic_188.jpg</filename>
	<path>C:\Users\mehdi\Downloads\ss\drone _ Google_da Ara\pic_188.jpg</path>
	<source>
		<database>Unknown</database>
	</source>
	<size>
		<width>868</width>
		<height>488</height>
		<depth>3</depth>
	</size>
	<segmented>0</segmented>
	<object>
		<name>drone</name>
		<pose>Unspecified</pose>
		<truncated>0</truncated>
		<difficult>0</difficult>
		<bndbox>
			<xmin>133</xmin>
			<ymin>82</ymin>
			<xmax>712</xmax>
			<ymax>406</ymax>
		</bndbox>
	</object>
</annotation>
