<annotation>
	<folder>drone _ Google_da Ara</folder>
	<filename>pic_124.png</filename>
	<path>C:\Users\mehdi\Downloads\ss\drone _ Google_da Ara\pic_124.png</path>
	<source>
		<database>Unknown</database>
	</source>
	<size>
		<width>1976</width>
		<height>932</height>
		<depth>3</depth>
	</size>
	<segmented>0</segmented>
	<object>
		<name>drone</name>
		<pose>Unspecified</pose>
		<truncated>0</truncated>
		<difficult>0</difficult>
		<bndbox>
			<xmin>238</xmin>
			<ymin>20</ymin>
			<xmax>1579</xmax>
			<ymax>666</ymax>
		</bndbox>
	</object>
</annotation>
