<annotation>
	<folder>drone _ Google_da Ara</folder>
	<filename>pic_114.png</filename>
	<path>C:\Users\mehdi\Downloads\ss\drone _ Google_da Ara\pic_114.png</path>
	<source>
		<database>Unknown</database>
	</source>
	<size>
		<width>1000</width>
		<height>750</height>
		<depth>3</depth>
	</size>
	<segmented>0</segmented>
	<object>
		<name>drone</name>
		<pose>Unspecified</pose>
		<truncated>0</truncated>
		<difficult>0</difficult>
		<bndbox>
			<xmin>20</xmin>
			<ymin>50</ymin>
			<xmax>989</xmax>
			<ymax>481</ymax>
		</bndbox>
	</object>
</annotation>
