<annotation>
	<folder>drone _ Google_da Ara</folder>
	<filename>pic_134.jpeg</filename>
	<path>C:\Users\mehdi\Downloads\ss\drone _ Google_da Ara\pic_134.jpeg</path>
	<source>
		<database>Unknown</database>
	</source>
	<size>
		<width>180</width>
		<height>180</height>
		<depth>3</depth>
	</size>
	<segmented>0</segmented>
	<object>
		<name>drone</name>
		<pose>Unspecified</pose>
		<truncated>0</truncated>
		<difficult>0</difficult>
		<bndbox>
			<xmin>9</xmin>
			<ymin>46</ymin>
			<xmax>151</xmax>
			<ymax>125</ymax>
		</bndbox>
	</object>
</annotation>
