<annotation>
	<folder>drone _ Google_da Ara</folder>
	<filename>pic_108.jpeg</filename>
	<path>C:\Users\mehdi\Downloads\ss\drone _ Google_da Ara\pic_108.jpeg</path>
	<source>
		<database>Unknown</database>
	</source>
	<size>
		<width>410</width>
		<height>230</height>
		<depth>3</depth>
	</size>
	<segmented>0</segmented>
	<object>
		<name>drone</name>
		<pose>Unspecified</pose>
		<truncated>0</truncated>
		<difficult>0</difficult>
		<bndbox>
			<xmin>63</xmin>
			<ymin>80</ymin>
			<xmax>330</xmax>
			<ymax>176</ymax>
		</bndbox>
	</object>
</annotation>
