<annotation>
	<folder>drone _ Google_da Ara</folder>
	<filename>pic_038.png</filename>
	<path>C:\Users\mehdi\Downloads\ss\drone _ Google_da Ara\pic_038.png</path>
	<source>
		<database>Unknown</database>
	</source>
	<size>
		<width>1200</width>
		<height>800</height>
		<depth>3</depth>
	</size>
	<segmented>0</segmented>
	<object>
		<name>drone</name>
		<pose>Unspecified</pose>
		<truncated>1</truncated>
		<difficult>0</difficult>
		<bndbox>
			<xmin>7</xmin>
			<ymin>95</ymin>
			<xmax>1200</xmax>
			<ymax>526</ymax>
		</bndbox>
	</object>
</annotation>
