<annotation>
	<folder>custom drone _ Google_da Ara</folder>
	<filename>pic_1047.jpg</filename>
	<path>C:\Users\John Doe.DESKTOP-QVG68SG\Desktop\ssg\custom drone _ Google_da Ara\pic_1047.jpg</path>
	<source>
		<database>Unknown</database>
	</source>
	<size>
		<width>1024</width>
		<height>678</height>
		<depth>1</depth>
	</size>
	<segmented>0</segmented>
	<object>
		<name>drone</name>
		<pose>Unspecified</pose>
		<truncated>0</truncated>
		<difficult>0</difficult>
		<bndbox>
			<xmin>456</xmin>
			<ymin>345</ymin>
			<xmax>949</xmax>
			<ymax>553</ymax>
		</bndbox>
	</object>
</annotation>
